{
  "project_info": {
    "project_number": "215263877609",
    "firebase_url": "https://database-defd1.firebaseio.com",
    "project_id": "database-defd1",
    "storage_bucket": "database-defd1.appspot.com"
  },
  "client": [
    {
      "client_info": {
        "mobilesdk_app_id": "1:215263877609:android:e354b0b8042e6b62",
        "android_client_info": {
          "package_name": "com.example.mabelynespinoza.database"
        }
      },
      "oauth_client": [
        {
          "client_id": "215263877609-60025s2h9sovpl3rnno70d4ah5irs5nt.apps.googleusercontent.com",
          "client_type": 1,
          "android_info": {
            "package_name": "com.example.mabelynespinoza.database",
            "certificate_hash": "54701cebaf710c0909cb8ec835bc1c133b0e5341"
          }
        },
        {
          "client_id": "215263877609-34tr8t7aapkjhmte5a9av6g2t1leqt9v.apps.googleusercontent.com",
          "client_type": 3
        }
      ],
      "api_key": [
        {
          "current_key": "AIzaSyC-25XGkFebWUaFWGGUgUorr_WsrukjJ9c"
        }
      ],
      "services": {
        "analytics_service": {
          "status": 1
        },
        "appinvite_service": {
          "status": 2,
          "other_platform_oauth_client": [
            {
              "client_id": "215263877609-34tr8t7aapkjhmte5a9av6g2t1leqt9v.apps.googleusercontent.com",
              "client_type": 3
            }
          ]
        },
        "ads_service": {
          "status": 2
        }
      }
    }
  ],
  "configuration_version": "1"
}